{
    "version": "2023-08-31",
    "name": "Qwen-Qwen2-5-7B-Instruct_16000_1_summary",
    "model": "Qwen/Qwen2.5-7B-Instruct",
    "mean_input_tokens": 16000,
    "stddev_input_tokens": 10,
    "mean_output_tokens": 1,
    "stddev_output_tokens": 0,
    "num_concurrent_requests": 1,
    "results_inter_token_latency_s_quantiles_p25": 0.5170733518898487,
    "results_inter_token_latency_s_quantiles_p50": 0.5181422531604767,
    "results_inter_token_latency_s_quantiles_p75": 0.5192111544311047,
    "results_inter_token_latency_s_quantiles_p90": 0.5198524951934814,
    "results_inter_token_latency_s_quantiles_p95": 0.5200662754476071,
    "results_inter_token_latency_s_quantiles_p99": 0.5202372996509075,
    "results_inter_token_latency_s_mean": 0.5181422531604767,
    "results_inter_token_latency_s_min": 0.5160044506192207,
    "results_inter_token_latency_s_max": 0.5202800557017326,
    "results_inter_token_latency_s_stddev": 0.0030233093475198337,
    "results_ttft_s_quantiles_p25": 1.0341467037796974,
    "results_ttft_s_quantiles_p50": 1.0362845063209534,
    "results_ttft_s_quantiles_p75": 1.0384223088622093,
    "results_ttft_s_quantiles_p90": 1.0397049903869628,
    "results_ttft_s_quantiles_p95": 1.0401325508952142,
    "results_ttft_s_quantiles_p99": 1.040474599301815,
    "results_ttft_s_mean": 1.0362845063209534,
    "results_ttft_s_min": 1.0320089012384415,
    "results_ttft_s_max": 1.0405601114034653,
    "results_ttft_s_stddev": 0.0060466186950396674,
    "results_end_to_end_latency_s_quantiles_p25": 1.034361109137535,
    "results_end_to_end_latency_s_quantiles_p50": 1.036499310284853,
    "results_end_to_end_latency_s_quantiles_p75": 1.0386375114321709,
    "results_end_to_end_latency_s_quantiles_p90": 1.0399204321205615,
    "results_end_to_end_latency_s_quantiles_p95": 1.0403480723500251,
    "results_end_to_end_latency_s_quantiles_p99": 1.040690184533596,
    "results_end_to_end_latency_s_mean": 1.036499310284853,
    "results_end_to_end_latency_s_min": 1.0322229079902172,
    "results_end_to_end_latency_s_max": 1.0407757125794888,
    "results_end_to_end_latency_s_stddev": 0.006047746123237334,
    "results_request_output_throughput_token_per_s_quantiles_p25": 1.9256242066356548,
    "results_request_output_throughput_token_per_s_quantiles_p50": 1.929604800889981,
    "results_request_output_throughput_token_per_s_quantiles_p75": 1.9335853951443074,
    "results_request_output_throughput_token_per_s_quantiles_p90": 1.9359737516969031,
    "results_request_output_throughput_token_per_s_quantiles_p95": 1.9367698705477685,
    "results_request_output_throughput_token_per_s_quantiles_p99": 1.9374067656284606,
    "results_request_output_throughput_token_per_s_mean": 1.929604800889981,
    "results_request_output_throughput_token_per_s_min": 1.9216436123813285,
    "results_request_output_throughput_token_per_s_max": 1.9375659893986337,
    "results_request_output_throughput_token_per_s_stddev": 0.011258820761545302,
    "results_number_input_tokens_quantiles_p25": 15999.75,
    "results_number_input_tokens_quantiles_p50": 16000.5,
    "results_number_input_tokens_quantiles_p75": 16001.25,
    "results_number_input_tokens_quantiles_p90": 16001.7,
    "results_number_input_tokens_quantiles_p95": 16001.85,
    "results_number_input_tokens_quantiles_p99": 16001.97,
    "results_number_input_tokens_mean": 16000.5,
    "results_number_input_tokens_min": "15999",
    "results_number_input_tokens_max": "16002",
    "results_number_input_tokens_stddev": 2.1213203435596424,
    "results_number_output_tokens_quantiles_p25": 2.0,
    "results_number_output_tokens_quantiles_p50": 2.0,
    "results_number_output_tokens_quantiles_p75": 2.0,
    "results_number_output_tokens_quantiles_p90": 2.0,
    "results_number_output_tokens_quantiles_p95": 2.0,
    "results_number_output_tokens_quantiles_p99": 2.0,
    "results_number_output_tokens_mean": 2.0,
    "results_number_output_tokens_min": "2",
    "results_number_output_tokens_max": "2",
    "results_number_output_tokens_stddev": 0.0,
    "results_num_requests_started": 2,
    "results_error_rate": 0.0,
    "results_number_errors": 0,
    "results_error_code_frequency": "{}",
    "results_mean_output_throughput_token_per_s": 1.3219328150314678,
    "results_num_completed_requests": 2,
    "results_num_completed_requests_per_min": 39.657984450944035,
    "timestamp": 1744689960
}