{
    "version": "2023-08-31",
    "name": "Qwen-Qwen2-5-7B-Instruct_32000_1_summary",
    "model": "Qwen/Qwen2.5-7B-Instruct",
    "mean_input_tokens": 32000,
    "stddev_input_tokens": 10,
    "mean_output_tokens": 1,
    "stddev_output_tokens": 0,
    "num_concurrent_requests": 1,
    "results_inter_token_latency_s_quantiles_p25": 1.2073391440790147,
    "results_inter_token_latency_s_quantiles_p50": 1.2073447634465992,
    "results_inter_token_latency_s_quantiles_p75": 1.2073503828141838,
    "results_inter_token_latency_s_quantiles_p90": 1.2073537544347346,
    "results_inter_token_latency_s_quantiles_p95": 1.2073548783082515,
    "results_inter_token_latency_s_quantiles_p99": 1.2073557774070651,
    "results_inter_token_latency_s_mean": 1.2073447634465992,
    "results_inter_token_latency_s_min": 1.20733352471143,
    "results_inter_token_latency_s_max": 1.2073560021817684,
    "results_inter_token_latency_s_stddev": 1.5893971700162928e-05,
    "results_ttft_s_quantiles_p25": 2.4146782881580293,
    "results_ttft_s_quantiles_p50": 2.4146895268931985,
    "results_ttft_s_quantiles_p75": 2.4147007656283677,
    "results_ttft_s_quantiles_p90": 2.414707508869469,
    "results_ttft_s_quantiles_p95": 2.414709756616503,
    "results_ttft_s_quantiles_p99": 2.4147115548141302,
    "results_ttft_s_mean": 2.4146895268931985,
    "results_ttft_s_min": 2.41466704942286,
    "results_ttft_s_max": 2.414712004363537,
    "results_ttft_s_stddev": 3.1787943400325855e-05,
    "results_end_to_end_latency_s_quantiles_p25": 2.4148949193768203,
    "results_end_to_end_latency_s_quantiles_p50": 2.4149031406268477,
    "results_end_to_end_latency_s_quantiles_p75": 2.414911361876875,
    "results_end_to_end_latency_s_quantiles_p90": 2.4149162946268916,
    "results_end_to_end_latency_s_quantiles_p95": 2.414917938876897,
    "results_end_to_end_latency_s_quantiles_p99": 2.4149192542769016,
    "results_end_to_end_latency_s_mean": 2.4149031406268477,
    "results_end_to_end_latency_s_min": 2.414886698126793,
    "results_end_to_end_latency_s_max": 2.4149195831269026,
    "results_end_to_end_latency_s_stddev": 2.3253206576869816e-05,
    "results_request_output_throughput_token_per_s_quantiles_p25": 0.8281877470298263,
    "results_request_output_throughput_token_per_s_quantiles_p50": 0.8281905665059383,
    "results_request_output_throughput_token_per_s_quantiles_p75": 0.8281933859820502,
    "results_request_output_throughput_token_per_s_quantiles_p90": 0.8281950776677173,
    "results_request_output_throughput_token_per_s_quantiles_p95": 0.8281956415629397,
    "results_request_output_throughput_token_per_s_quantiles_p99": 0.8281960926791176,
    "results_request_output_throughput_token_per_s_mean": 0.8281905665059383,
    "results_request_output_throughput_token_per_s_min": 0.8281849275537144,
    "results_request_output_throughput_token_per_s_max": 0.8281962054581621,
    "results_request_output_throughput_token_per_s_stddev": 7.974682712514055e-06,
    "results_number_input_tokens_quantiles_p25": 31999.75,
    "results_number_input_tokens_quantiles_p50": 32000.5,
    "results_number_input_tokens_quantiles_p75": 32001.25,
    "results_number_input_tokens_quantiles_p90": 32001.7,
    "results_number_input_tokens_quantiles_p95": 32001.85,
    "results_number_input_tokens_quantiles_p99": 32001.97,
    "results_number_input_tokens_mean": 32000.5,
    "results_number_input_tokens_min": "31999",
    "results_number_input_tokens_max": "32002",
    "results_number_input_tokens_stddev": 2.1213203435596424,
    "results_number_output_tokens_quantiles_p25": 2.0,
    "results_number_output_tokens_quantiles_p50": 2.0,
    "results_number_output_tokens_quantiles_p75": 2.0,
    "results_number_output_tokens_quantiles_p90": 2.0,
    "results_number_output_tokens_quantiles_p95": 2.0,
    "results_number_output_tokens_quantiles_p99": 2.0,
    "results_number_output_tokens_mean": 2.0,
    "results_number_output_tokens_min": "2",
    "results_number_output_tokens_max": "2",
    "results_number_output_tokens_stddev": 0.0,
    "results_num_requests_started": 2,
    "results_error_rate": 0.0,
    "results_number_errors": 0,
    "results_error_code_frequency": "{}",
    "results_mean_output_throughput_token_per_s": 0.689679107592335,
    "results_num_completed_requests": 2,
    "results_num_completed_requests_per_min": 20.69037322777005,
    "timestamp": 1744689994
}