{
    "version": "2023-08-31",
    "name": "Qwen-Qwen2-5-7B-Instruct_8000_1_summary",
    "model": "Qwen/Qwen2.5-7B-Instruct",
    "mean_input_tokens": 8000,
    "stddev_input_tokens": 10,
    "mean_output_tokens": 1,
    "stddev_output_tokens": 0,
    "num_concurrent_requests": 1,
    "results_inter_token_latency_s_quantiles_p25": 0.24004256958141923,
    "results_inter_token_latency_s_quantiles_p50": 0.24050951190292835,
    "results_inter_token_latency_s_quantiles_p75": 0.24097645422443748,
    "results_inter_token_latency_s_quantiles_p90": 0.24125661961734296,
    "results_inter_token_latency_s_quantiles_p95": 0.24135000808164478,
    "results_inter_token_latency_s_quantiles_p99": 0.24142471885308622,
    "results_inter_token_latency_s_mean": 0.24050951190292835,
    "results_inter_token_latency_s_min": 0.2395756272599101,
    "results_inter_token_latency_s_max": 0.2414433965459466,
    "results_inter_token_latency_s_stddev": 0.0013207123278483595,
    "results_ttft_s_quantiles_p25": 0.48008513916283846,
    "results_ttft_s_quantiles_p50": 0.4810190238058567,
    "results_ttft_s_quantiles_p75": 0.48195290844887495,
    "results_ttft_s_quantiles_p90": 0.4825132392346859,
    "results_ttft_s_quantiles_p95": 0.48270001616328956,
    "results_ttft_s_quantiles_p99": 0.48284943770617245,
    "results_ttft_s_mean": 0.4810190238058567,
    "results_ttft_s_min": 0.4791512545198202,
    "results_ttft_s_max": 0.4828867930918932,
    "results_ttft_s_stddev": 0.002641424655696719,
    "results_end_to_end_latency_s_quantiles_p25": 0.48025860730558634,
    "results_end_to_end_latency_s_quantiles_p50": 0.48119601234793663,
    "results_end_to_end_latency_s_quantiles_p75": 0.4821334173902869,
    "results_end_to_end_latency_s_quantiles_p90": 0.4826958604156971,
    "results_end_to_end_latency_s_quantiles_p95": 0.48288334142416717,
    "results_end_to_end_latency_s_quantiles_p99": 0.4830333262309432,
    "results_end_to_end_latency_s_mean": 0.48119601234793663,
    "results_end_to_end_latency_s_min": 0.47932120226323605,
    "results_end_to_end_latency_s_max": 0.4830708224326372,
    "results_end_to_end_latency_s_stddev": 0.0026513818486574177,
    "results_request_output_throughput_token_per_s_quantiles_p25": 4.148276593449952,
    "results_request_output_throughput_token_per_s_quantiles_p50": 4.156373513185717,
    "results_request_output_throughput_token_per_s_quantiles_p75": 4.164470432921482,
    "results_request_output_throughput_token_per_s_quantiles_p90": 4.169328584762941,
    "results_request_output_throughput_token_per_s_quantiles_p95": 4.170947968710094,
    "results_request_output_throughput_token_per_s_quantiles_p99": 4.172243475867817,
    "results_request_output_throughput_token_per_s_mean": 4.156373513185717,
    "results_request_output_throughput_token_per_s_min": 4.140179673714187,
    "results_request_output_throughput_token_per_s_max": 4.172567352657247,
    "results_request_output_throughput_token_per_s_stddev": 0.022901547407530438,
    "results_number_input_tokens_quantiles_p25": 7999.75,
    "results_number_input_tokens_quantiles_p50": 8000.5,
    "results_number_input_tokens_quantiles_p75": 8001.25,
    "results_number_input_tokens_quantiles_p90": 8001.7,
    "results_number_input_tokens_quantiles_p95": 8001.85,
    "results_number_input_tokens_quantiles_p99": 8001.97,
    "results_number_input_tokens_mean": 8000.5,
    "results_number_input_tokens_min": "7999",
    "results_number_input_tokens_max": "8002",
    "results_number_input_tokens_stddev": 2.1213203435596424,
    "results_number_output_tokens_quantiles_p25": 2.0,
    "results_number_output_tokens_quantiles_p50": 2.0,
    "results_number_output_tokens_quantiles_p75": 2.0,
    "results_number_output_tokens_quantiles_p90": 2.0,
    "results_number_output_tokens_quantiles_p95": 2.0,
    "results_number_output_tokens_quantiles_p99": 2.0,
    "results_number_output_tokens_mean": 2.0,
    "results_number_output_tokens_min": "2",
    "results_number_output_tokens_max": "2",
    "results_number_output_tokens_stddev": 0.0,
    "results_num_requests_started": 2,
    "results_error_rate": 0.0,
    "results_number_errors": 0,
    "results_error_code_frequency": "{}",
    "results_mean_output_throughput_token_per_s": 2.0866357957392125,
    "results_num_completed_requests": 2,
    "results_num_completed_requests_per_min": 62.599073872176376,
    "timestamp": 1744689939
}