{
    "version": "2023-08-31",
    "name": "Qwen-Qwen2-5-7B-Instruct_4000_1_summary",
    "model": "Qwen/Qwen2.5-7B-Instruct",
    "mean_input_tokens": 4000,
    "stddev_input_tokens": 10,
    "mean_output_tokens": 1,
    "stddev_output_tokens": 0,
    "num_concurrent_requests": 1,
    "results_inter_token_latency_s_quantiles_p25": 0.11984248040243983,
    "results_inter_token_latency_s_quantiles_p50": 0.12009701039642096,
    "results_inter_token_latency_s_quantiles_p75": 0.12035154039040208,
    "results_inter_token_latency_s_quantiles_p90": 0.12050425838679076,
    "results_inter_token_latency_s_quantiles_p95": 0.12055516438558697,
    "results_inter_token_latency_s_quantiles_p99": 0.12059588918462395,
    "results_inter_token_latency_s_mean": 0.12009701039642096,
    "results_inter_token_latency_s_min": 0.11958795040845871,
    "results_inter_token_latency_s_max": 0.1206060703843832,
    "results_inter_token_latency_s_stddev": 0.0007199195390376927,
    "results_ttft_s_quantiles_p25": 0.23968496080487967,
    "results_ttft_s_quantiles_p50": 0.2401940207928419,
    "results_ttft_s_quantiles_p75": 0.24070308078080416,
    "results_ttft_s_quantiles_p90": 0.2410085167735815,
    "results_ttft_s_quantiles_p95": 0.24111032877117394,
    "results_ttft_s_quantiles_p99": 0.2411917783692479,
    "results_ttft_s_mean": 0.2401940207928419,
    "results_ttft_s_min": 0.23917590081691742,
    "results_ttft_s_max": 0.2412121407687664,
    "results_ttft_s_stddev": 0.0014398390780753854,
    "results_end_to_end_latency_s_quantiles_p25": 0.2398628555238247,
    "results_end_to_end_latency_s_quantiles_p50": 0.2403691727668047,
    "results_end_to_end_latency_s_quantiles_p75": 0.2408754900097847,
    "results_end_to_end_latency_s_quantiles_p90": 0.2411792803555727,
    "results_end_to_end_latency_s_quantiles_p95": 0.2412805438041687,
    "results_end_to_end_latency_s_quantiles_p99": 0.2413615545630455,
    "results_end_to_end_latency_s_mean": 0.2403691727668047,
    "results_end_to_end_latency_s_min": 0.2393565382808447,
    "results_end_to_end_latency_s_max": 0.2413818072527647,
    "results_end_to_end_latency_s_stddev": 0.001432081423771349,
    "results_request_output_throughput_token_per_s_quantiles_p25": 8.303155386616613,
    "results_request_output_throughput_token_per_s_quantiles_p50": 8.320682196819073,
    "results_request_output_throughput_token_per_s_quantiles_p75": 8.338209007021533,
    "results_request_output_throughput_token_per_s_quantiles_p90": 8.34872509314301,
    "results_request_output_throughput_token_per_s_quantiles_p95": 8.352230455183502,
    "results_request_output_throughput_token_per_s_quantiles_p99": 8.355034744815896,
    "results_request_output_throughput_token_per_s_mean": 8.320682196819073,
    "results_request_output_throughput_token_per_s_min": 8.285628576414151,
    "results_request_output_throughput_token_per_s_max": 8.355735817223994,
    "results_request_output_throughput_token_per_s_stddev": 0.049573305386918474,
    "results_number_input_tokens_quantiles_p25": 3999.75,
    "results_number_input_tokens_quantiles_p50": 4000.5,
    "results_number_input_tokens_quantiles_p75": 4001.25,
    "results_number_input_tokens_quantiles_p90": 4001.7,
    "results_number_input_tokens_quantiles_p95": 4001.85,
    "results_number_input_tokens_quantiles_p99": 4001.97,
    "results_number_input_tokens_mean": 4000.5,
    "results_number_input_tokens_min": "3999",
    "results_number_input_tokens_max": "4002",
    "results_number_input_tokens_stddev": 2.1213203435596424,
    "results_number_output_tokens_quantiles_p25": 2.0,
    "results_number_output_tokens_quantiles_p50": 2.0,
    "results_number_output_tokens_quantiles_p75": 2.0,
    "results_number_output_tokens_quantiles_p90": 2.0,
    "results_number_output_tokens_quantiles_p95": 2.0,
    "results_number_output_tokens_quantiles_p99": 2.0,
    "results_number_output_tokens_mean": 2.0,
    "results_number_output_tokens_min": "2",
    "results_number_output_tokens_max": "2",
    "results_number_output_tokens_stddev": 0.0,
    "results_num_requests_started": 2,
    "results_error_rate": 0.0,
    "results_number_errors": 0,
    "results_error_code_frequency": "{}",
    "results_mean_output_throughput_token_per_s": 2.799087884818274,
    "results_num_completed_requests": 2,
    "results_num_completed_requests_per_min": 83.97263654454821,
    "timestamp": 1744689921
}