{
    "version": "2023-08-31",
    "name": "Qwen-Qwen2-5-7B-Instruct_2000_1_summary",
    "model": "Qwen/Qwen2.5-7B-Instruct",
    "mean_input_tokens": 2000,
    "stddev_input_tokens": 10,
    "mean_output_tokens": 1,
    "stddev_output_tokens": 0,
    "num_concurrent_requests": 1,
    "results_inter_token_latency_s_quantiles_p25": 0.0645002827513963,
    "results_inter_token_latency_s_quantiles_p50": 0.06481905980035663,
    "results_inter_token_latency_s_quantiles_p75": 0.06513783684931695,
    "results_inter_token_latency_s_quantiles_p90": 0.06532910307869315,
    "results_inter_token_latency_s_quantiles_p95": 0.06539285848848522,
    "results_inter_token_latency_s_quantiles_p99": 0.06544386281631887,
    "results_inter_token_latency_s_mean": 0.06481905980035663,
    "results_inter_token_latency_s_min": 0.06418150570243597,
    "results_inter_token_latency_s_max": 0.06545661389827728,
    "results_inter_token_latency_s_stddev": 0.0009016376520259362,
    "results_ttft_s_quantiles_p25": 0.1290005655027926,
    "results_ttft_s_quantiles_p50": 0.12963811960071325,
    "results_ttft_s_quantiles_p75": 0.1302756736986339,
    "results_ttft_s_quantiles_p90": 0.1306582061573863,
    "results_ttft_s_quantiles_p95": 0.13078571697697045,
    "results_ttft_s_quantiles_p99": 0.13088772563263773,
    "results_ttft_s_mean": 0.12963811960071325,
    "results_ttft_s_min": 0.12836301140487194,
    "results_ttft_s_max": 0.13091322779655457,
    "results_ttft_s_stddev": 0.0018032753040518725,
    "results_end_to_end_latency_s_quantiles_p25": 0.1291507533751428,
    "results_end_to_end_latency_s_quantiles_p50": 0.12979275826364756,
    "results_end_to_end_latency_s_quantiles_p75": 0.1304347631521523,
    "results_end_to_end_latency_s_quantiles_p90": 0.13081996608525515,
    "results_end_to_end_latency_s_quantiles_p95": 0.1309483670629561,
    "results_end_to_end_latency_s_quantiles_p99": 0.13105108784511685,
    "results_end_to_end_latency_s_mean": 0.12979275826364756,
    "results_end_to_end_latency_s_min": 0.12850874848663807,
    "results_end_to_end_latency_s_max": 0.13107676804065704,
    "results_end_to_end_latency_s_stddev": 0.0018158640408664703,
    "results_request_output_throughput_token_per_s_quantiles_p25": 15.334461199988734,
    "results_request_output_throughput_token_per_s_quantiles_p50": 15.410688390273743,
    "results_request_output_throughput_token_per_s_quantiles_p75": 15.486915580558751,
    "results_request_output_throughput_token_per_s_quantiles_p90": 15.532651894729755,
    "results_request_output_throughput_token_per_s_quantiles_p95": 15.547897332786755,
    "results_request_output_throughput_token_per_s_quantiles_p99": 15.560093683232358,
    "results_request_output_throughput_token_per_s_mean": 15.410688390273743,
    "results_request_output_throughput_token_per_s_min": 15.258234009703727,
    "results_request_output_throughput_token_per_s_max": 15.563142770843758,
    "results_request_output_throughput_token_per_s_stddev": 0.2156030526453047,
    "results_number_input_tokens_quantiles_p25": 1999.75,
    "results_number_input_tokens_quantiles_p50": 2000.5,
    "results_number_input_tokens_quantiles_p75": 2001.25,
    "results_number_input_tokens_quantiles_p90": 2001.7,
    "results_number_input_tokens_quantiles_p95": 2001.85,
    "results_number_input_tokens_quantiles_p99": 2001.97,
    "results_number_input_tokens_mean": 2000.5,
    "results_number_input_tokens_min": "1999",
    "results_number_input_tokens_max": "2002",
    "results_number_input_tokens_stddev": 2.1213203435596424,
    "results_number_output_tokens_quantiles_p25": 2.0,
    "results_number_output_tokens_quantiles_p50": 2.0,
    "results_number_output_tokens_quantiles_p75": 2.0,
    "results_number_output_tokens_quantiles_p90": 2.0,
    "results_number_output_tokens_quantiles_p95": 2.0,
    "results_number_output_tokens_quantiles_p99": 2.0,
    "results_number_output_tokens_mean": 2.0,
    "results_number_output_tokens_min": "2",
    "results_number_output_tokens_max": "2",
    "results_number_output_tokens_stddev": 0.0,
    "results_num_requests_started": 2,
    "results_error_rate": 0.0,
    "results_number_errors": 0,
    "results_error_code_frequency": "{}",
    "results_mean_output_throughput_token_per_s": 3.3240935233582207,
    "results_num_completed_requests": 2,
    "results_num_completed_requests_per_min": 99.72280570074662,
    "timestamp": 1744689895
}