{
    "version": "2023-08-31",
    "name": "Qwen-Qwen2-5-7B-Instruct_32000_1_summary",
    "model": "Qwen/Qwen2.5-7B-Instruct",
    "mean_input_tokens": 32000,
    "stddev_input_tokens": 10,
    "mean_output_tokens": 1,
    "stddev_output_tokens": 0,
    "num_concurrent_requests": 1,
    "results_inter_token_latency_s_quantiles_p25": 1.1713729158509523,
    "results_inter_token_latency_s_quantiles_p50": 1.171825000550598,
    "results_inter_token_latency_s_quantiles_p75": 1.1722770852502435,
    "results_inter_token_latency_s_quantiles_p90": 1.1725483360700308,
    "results_inter_token_latency_s_quantiles_p95": 1.17263875300996,
    "results_inter_token_latency_s_quantiles_p99": 1.1727110865619033,
    "results_inter_token_latency_s_mean": 1.171825000550598,
    "results_inter_token_latency_s_min": 1.1709208311513066,
    "results_inter_token_latency_s_max": 1.1727291699498892,
    "results_inter_token_latency_s_stddev": 0.0012786886271604582,
    "results_ttft_s_quantiles_p25": 2.3427458317019045,
    "results_ttft_s_quantiles_p50": 2.343650001101196,
    "results_ttft_s_quantiles_p75": 2.344554170500487,
    "results_ttft_s_quantiles_p90": 2.3450966721400617,
    "results_ttft_s_quantiles_p95": 2.34527750601992,
    "results_ttft_s_quantiles_p99": 2.3454221731238065,
    "results_ttft_s_mean": 2.343650001101196,
    "results_ttft_s_min": 2.3418416623026133,
    "results_ttft_s_max": 2.3454583398997784,
    "results_ttft_s_stddev": 0.0025573772543209163,
    "results_end_to_end_latency_s_quantiles_p25": 2.342931602150202,
    "results_end_to_end_latency_s_quantiles_p50": 2.3438572622835636,
    "results_end_to_end_latency_s_quantiles_p75": 2.3447829224169254,
    "results_end_to_end_latency_s_quantiles_p90": 2.3453383184969425,
    "results_end_to_end_latency_s_quantiles_p95": 2.345523450523615,
    "results_end_to_end_latency_s_quantiles_p99": 2.3456715561449526,
    "results_end_to_end_latency_s_mean": 2.3438572622835636,
    "results_end_to_end_latency_s_min": 2.34200594201684,
    "results_end_to_end_latency_s_max": 2.3457085825502872,
    "results_end_to_end_latency_s_stddev": 0.0026181622294967374,
    "results_request_output_throughput_token_per_s_quantiles_p25": 0.8529578225341474,
    "results_request_output_throughput_token_per_s_quantiles_p50": 0.8532948144681136,
    "results_request_output_throughput_token_per_s_quantiles_p75": 0.8536318064020798,
    "results_request_output_throughput_token_per_s_quantiles_p90": 0.8538340015624595,
    "results_request_output_throughput_token_per_s_quantiles_p95": 0.8539013999492526,
    "results_request_output_throughput_token_per_s_quantiles_p99": 0.8539553186586872,
    "results_request_output_throughput_token_per_s_mean": 0.8532948144681136,
    "results_request_output_throughput_token_per_s_min": 0.8526208306001813,
    "results_request_output_throughput_token_per_s_max": 0.8539687983360459,
    "results_request_output_throughput_token_per_s_stddev": 0.0009531571268504942,
    "results_number_input_tokens_quantiles_p25": 31999.75,
    "results_number_input_tokens_quantiles_p50": 32000.5,
    "results_number_input_tokens_quantiles_p75": 32001.25,
    "results_number_input_tokens_quantiles_p90": 32001.7,
    "results_number_input_tokens_quantiles_p95": 32001.85,
    "results_number_input_tokens_quantiles_p99": 32001.97,
    "results_number_input_tokens_mean": 32000.5,
    "results_number_input_tokens_min": "31999",
    "results_number_input_tokens_max": "32002",
    "results_number_input_tokens_stddev": 2.1213203435596424,
    "results_number_output_tokens_quantiles_p25": 2.0,
    "results_number_output_tokens_quantiles_p50": 2.0,
    "results_number_output_tokens_quantiles_p75": 2.0,
    "results_number_output_tokens_quantiles_p90": 2.0,
    "results_number_output_tokens_quantiles_p95": 2.0,
    "results_number_output_tokens_quantiles_p99": 2.0,
    "results_number_output_tokens_mean": 2.0,
    "results_number_output_tokens_min": "2",
    "results_number_output_tokens_max": "2",
    "results_number_output_tokens_stddev": 0.0,
    "results_num_requests_started": 2,
    "results_error_rate": 0.0,
    "results_number_errors": 0,
    "results_error_code_frequency": "{}",
    "results_mean_output_throughput_token_per_s": 0.7101115159713005,
    "results_num_completed_requests": 2,
    "results_num_completed_requests_per_min": 21.303345479139015,
    "timestamp": 1744690340
}