{
    "version": "2023-08-31",
    "name": "Qwen-Qwen2-5-7B-Instruct_2000_1_summary",
    "model": "Qwen/Qwen2.5-7B-Instruct",
    "mean_input_tokens": 2000,
    "stddev_input_tokens": 10,
    "mean_output_tokens": 1,
    "stddev_output_tokens": 0,
    "num_concurrent_requests": 1,
    "results_inter_token_latency_s_quantiles_p25": 0.07274304772727191,
    "results_inter_token_latency_s_quantiles_p50": 0.08202527975663543,
    "results_inter_token_latency_s_quantiles_p75": 0.09130751178599894,
    "results_inter_token_latency_s_quantiles_p90": 0.09687685100361705,
    "results_inter_token_latency_s_quantiles_p95": 0.09873329740948975,
    "results_inter_token_latency_s_quantiles_p99": 0.10021845453418791,
    "results_inter_token_latency_s_mean": 0.08202527975663543,
    "results_inter_token_latency_s_min": 0.0634608156979084,
    "results_inter_token_latency_s_max": 0.10058974381536245,
    "results_inter_token_latency_s_stddev": 0.026254116850039633,
    "results_ttft_s_quantiles_p25": 0.14548609545454383,
    "results_ttft_s_quantiles_p50": 0.16405055951327085,
    "results_ttft_s_quantiles_p75": 0.18261502357199788,
    "results_ttft_s_quantiles_p90": 0.1937537020072341,
    "results_ttft_s_quantiles_p95": 0.1974665948189795,
    "results_ttft_s_quantiles_p99": 0.20043690906837583,
    "results_ttft_s_mean": 0.16405055951327085,
    "results_ttft_s_min": 0.1269216313958168,
    "results_ttft_s_max": 0.2011794876307249,
    "results_ttft_s_stddev": 0.05250823370007927,
    "results_end_to_end_latency_s_quantiles_p25": 0.1456188466399908,
    "results_end_to_end_latency_s_quantiles_p50": 0.1641897615045309,
    "results_end_to_end_latency_s_quantiles_p75": 0.182760676369071,
    "results_end_to_end_latency_s_quantiles_p90": 0.19390322528779508,
    "results_end_to_end_latency_s_quantiles_p95": 0.1976174082607031,
    "results_end_to_end_latency_s_quantiles_p99": 0.2005887546390295,
    "results_end_to_end_latency_s_mean": 0.1641897615045309,
    "results_end_to_end_latency_s_min": 0.1270479317754507,
    "results_end_to_end_latency_s_max": 0.2013315912336111,
    "results_end_to_end_latency_s_stddev": 0.05252647933421744,
    "results_request_output_throughput_token_per_s_quantiles_p25": 11.385918139299744,
    "results_request_output_throughput_token_per_s_quantiles_p50": 12.837975488320728,
    "results_request_output_throughput_token_per_s_quantiles_p75": 14.290032837341712,
    "results_request_output_throughput_token_per_s_quantiles_p90": 15.161267246754303,
    "results_request_output_throughput_token_per_s_quantiles_p95": 15.451678716558499,
    "results_request_output_throughput_token_per_s_quantiles_p99": 15.684007892401857,
    "results_request_output_throughput_token_per_s_mean": 12.837975488320728,
    "results_request_output_throughput_token_per_s_min": 9.933860790278759,
    "results_request_output_throughput_token_per_s_max": 15.742090186362697,
    "results_request_output_throughput_token_per_s_stddev": 4.107038392657998,
    "results_number_input_tokens_quantiles_p25": 1999.75,
    "results_number_input_tokens_quantiles_p50": 2000.5,
    "results_number_input_tokens_quantiles_p75": 2001.25,
    "results_number_input_tokens_quantiles_p90": 2001.7,
    "results_number_input_tokens_quantiles_p95": 2001.85,
    "results_number_input_tokens_quantiles_p99": 2001.97,
    "results_number_input_tokens_mean": 2000.5,
    "results_number_input_tokens_min": "1999",
    "results_number_input_tokens_max": "2002",
    "results_number_input_tokens_stddev": 2.1213203435596424,
    "results_number_output_tokens_quantiles_p25": 2.0,
    "results_number_output_tokens_quantiles_p50": 2.0,
    "results_number_output_tokens_quantiles_p75": 2.0,
    "results_number_output_tokens_quantiles_p90": 2.0,
    "results_number_output_tokens_quantiles_p95": 2.0,
    "results_number_output_tokens_quantiles_p99": 2.0,
    "results_number_output_tokens_mean": 2.0,
    "results_number_output_tokens_min": "2",
    "results_number_output_tokens_max": "2",
    "results_number_output_tokens_stddev": 0.0,
    "results_num_requests_started": 2,
    "results_error_rate": 0.0,
    "results_number_errors": 0,
    "results_error_code_frequency": "{}",
    "results_mean_output_throughput_token_per_s": 3.113816299957619,
    "results_num_completed_requests": 2,
    "results_num_completed_requests_per_min": 93.41448899872857,
    "timestamp": 1744690295
}