{
    "version": "2023-08-31",
    "name": "Qwen-Qwen2-5-7B-Instruct_8000_1_summary",
    "model": "Qwen/Qwen2.5-7B-Instruct",
    "mean_input_tokens": 8000,
    "stddev_input_tokens": 10,
    "mean_output_tokens": 1,
    "stddev_output_tokens": 0,
    "num_concurrent_requests": 1,
    "results_inter_token_latency_s_quantiles_p25": 0.23535663541406393,
    "results_inter_token_latency_s_quantiles_p50": 0.23559007328003645,
    "results_inter_token_latency_s_quantiles_p75": 0.23582351114600897,
    "results_inter_token_latency_s_quantiles_p90": 0.23596357386559247,
    "results_inter_token_latency_s_quantiles_p95": 0.23601026143878698,
    "results_inter_token_latency_s_quantiles_p99": 0.23604761149734257,
    "results_inter_token_latency_s_mean": 0.23559007328003645,
    "results_inter_token_latency_s_min": 0.2351231975480914,
    "results_inter_token_latency_s_max": 0.2360569490119815,
    "results_inter_token_latency_s_stddev": 0.0006602619920595381,
    "results_ttft_s_quantiles_p25": 0.47071327082812786,
    "results_ttft_s_quantiles_p50": 0.4711801465600729,
    "results_ttft_s_quantiles_p75": 0.47164702229201794,
    "results_ttft_s_quantiles_p90": 0.47192714773118494,
    "results_ttft_s_quantiles_p95": 0.47202052287757396,
    "results_ttft_s_quantiles_p99": 0.47209522299468515,
    "results_ttft_s_mean": 0.4711801465600729,
    "results_ttft_s_min": 0.4702463950961828,
    "results_ttft_s_max": 0.472113898023963,
    "results_ttft_s_stddev": 0.0013205239841190763,
    "results_end_to_end_latency_s_quantiles_p25": 0.4709155634045601,
    "results_end_to_end_latency_s_quantiles_p50": 0.4713868200778961,
    "results_end_to_end_latency_s_quantiles_p75": 0.47185807675123215,
    "results_end_to_end_latency_s_quantiles_p90": 0.4721408307552338,
    "results_end_to_end_latency_s_quantiles_p95": 0.47223508208990095,
    "results_end_to_end_latency_s_quantiles_p99": 0.47231048315763474,
    "results_end_to_end_latency_s_mean": 0.4713868200778961,
    "results_end_to_end_latency_s_min": 0.47044430673122406,
    "results_end_to_end_latency_s_max": 0.4723293334245682,
    "results_end_to_end_latency_s_stddev": 0.0013329151575812792,
    "results_request_output_throughput_token_per_s_quantiles_p25": 4.238575315869252,
    "results_request_output_throughput_token_per_s_quantiles_p50": 4.24281696141734,
    "results_request_output_throughput_token_per_s_quantiles_p75": 4.247058606965429,
    "results_request_output_throughput_token_per_s_quantiles_p90": 4.249603594294283,
    "results_request_output_throughput_token_per_s_quantiles_p95": 4.2504519234039,
    "results_request_output_throughput_token_per_s_quantiles_p99": 4.251130586691595,
    "results_request_output_throughput_token_per_s_mean": 4.24281696141734,
    "results_request_output_throughput_token_per_s_min": 4.2343336703211625,
    "results_request_output_throughput_token_per_s_max": 4.251300252513518,
    "results_request_output_throughput_token_per_s_stddev": 0.011997185321773633,
    "results_number_input_tokens_quantiles_p25": 7999.75,
    "results_number_input_tokens_quantiles_p50": 8000.5,
    "results_number_input_tokens_quantiles_p75": 8001.25,
    "results_number_input_tokens_quantiles_p90": 8001.7,
    "results_number_input_tokens_quantiles_p95": 8001.85,
    "results_number_input_tokens_quantiles_p99": 8001.97,
    "results_number_input_tokens_mean": 8000.5,
    "results_number_input_tokens_min": "7999",
    "results_number_input_tokens_max": "8002",
    "results_number_input_tokens_stddev": 2.1213203435596424,
    "results_number_output_tokens_quantiles_p25": 2.0,
    "results_number_output_tokens_quantiles_p50": 2.0,
    "results_number_output_tokens_quantiles_p75": 2.0,
    "results_number_output_tokens_quantiles_p90": 2.0,
    "results_number_output_tokens_quantiles_p95": 2.0,
    "results_number_output_tokens_quantiles_p99": 2.0,
    "results_number_output_tokens_mean": 2.0,
    "results_number_output_tokens_min": "2",
    "results_number_output_tokens_max": "2",
    "results_number_output_tokens_stddev": 0.0,
    "results_num_requests_started": 2,
    "results_error_rate": 0.0,
    "results_number_errors": 0,
    "results_error_code_frequency": "{}",
    "results_mean_output_throughput_token_per_s": 2.097342698427031,
    "results_num_completed_requests": 2,
    "results_num_completed_requests_per_min": 62.920280952810934,
    "timestamp": 1744690315
}