{
    "version": "2023-08-31",
    "name": "Qwen-Qwen2-5-7B-Instruct_16000_1_summary",
    "model": "Qwen/Qwen2.5-7B-Instruct",
    "mean_input_tokens": 16000,
    "stddev_input_tokens": 10,
    "mean_output_tokens": 1,
    "stddev_output_tokens": 0,
    "num_concurrent_requests": 1,
    "results_inter_token_latency_s_quantiles_p25": 0.5065329449716955,
    "results_inter_token_latency_s_quantiles_p50": 0.5067376014776528,
    "results_inter_token_latency_s_quantiles_p75": 0.50694225798361,
    "results_inter_token_latency_s_quantiles_p90": 0.5070650518871844,
    "results_inter_token_latency_s_quantiles_p95": 0.5071059831883759,
    "results_inter_token_latency_s_quantiles_p99": 0.507138728229329,
    "results_inter_token_latency_s_mean": 0.5067376014776528,
    "results_inter_token_latency_s_min": 0.5063282884657383,
    "results_inter_token_latency_s_max": 0.5071469144895673,
    "results_inter_token_latency_s_stddev": 0.0005788560127052544,
    "results_ttft_s_quantiles_p25": 1.013065889943391,
    "results_ttft_s_quantiles_p50": 1.0134752029553056,
    "results_ttft_s_quantiles_p75": 1.01388451596722,
    "results_ttft_s_quantiles_p90": 1.0141301037743689,
    "results_ttft_s_quantiles_p95": 1.0142119663767517,
    "results_ttft_s_quantiles_p99": 1.014277456458658,
    "results_ttft_s_mean": 1.0134752029553056,
    "results_ttft_s_min": 1.0126565769314766,
    "results_ttft_s_max": 1.0142938289791346,
    "results_ttft_s_stddev": 0.0011577120254105087,
    "results_end_to_end_latency_s_quantiles_p25": 1.0132324425503612,
    "results_end_to_end_latency_s_quantiles_p50": 1.0136424358934164,
    "results_end_to_end_latency_s_quantiles_p75": 1.0140524292364717,
    "results_end_to_end_latency_s_quantiles_p90": 1.0142984252423048,
    "results_end_to_end_latency_s_quantiles_p95": 1.0143804239109158,
    "results_end_to_end_latency_s_quantiles_p99": 1.0144460228458048,
    "results_end_to_end_latency_s_mean": 1.0136424358934164,
    "results_end_to_end_latency_s_min": 1.012822449207306,
    "results_end_to_end_latency_s_max": 1.014462422579527,
    "results_end_to_end_latency_s_stddev": 0.0011596362924628342,
    "results_request_output_throughput_token_per_s_quantiles_p25": 1.9722855780822086,
    "results_request_output_throughput_token_per_s_quantiles_p50": 1.9730836417087367,
    "results_request_output_throughput_token_per_s_quantiles_p75": 1.9738817053352649,
    "results_request_output_throughput_token_per_s_quantiles_p90": 1.9743605435111815,
    "results_request_output_throughput_token_per_s_quantiles_p95": 1.9745201562364871,
    "results_request_output_throughput_token_per_s_quantiles_p99": 1.9746478464167316,
    "results_request_output_throughput_token_per_s_mean": 1.9730836417087367,
    "results_request_output_throughput_token_per_s_min": 1.9714875144556807,
    "results_request_output_throughput_token_per_s_max": 1.9746797689617928,
    "results_request_output_throughput_token_per_s_stddev": 0.002257264808545141,
    "results_number_input_tokens_quantiles_p25": 15999.75,
    "results_number_input_tokens_quantiles_p50": 16000.5,
    "results_number_input_tokens_quantiles_p75": 16001.25,
    "results_number_input_tokens_quantiles_p90": 16001.7,
    "results_number_input_tokens_quantiles_p95": 16001.85,
    "results_number_input_tokens_quantiles_p99": 16001.97,
    "results_number_input_tokens_mean": 16000.5,
    "results_number_input_tokens_min": "15999",
    "results_number_input_tokens_max": "16002",
    "results_number_input_tokens_stddev": 2.1213203435596424,
    "results_number_output_tokens_quantiles_p25": 2.0,
    "results_number_output_tokens_quantiles_p50": 2.0,
    "results_number_output_tokens_quantiles_p75": 2.0,
    "results_number_output_tokens_quantiles_p90": 2.0,
    "results_number_output_tokens_quantiles_p95": 2.0,
    "results_number_output_tokens_quantiles_p99": 2.0,
    "results_number_output_tokens_mean": 2.0,
    "results_number_output_tokens_min": "2",
    "results_number_output_tokens_max": "2",
    "results_number_output_tokens_stddev": 0.0,
    "results_num_requests_started": 2,
    "results_error_rate": 0.0,
    "results_number_errors": 0,
    "results_error_code_frequency": "{}",
    "results_mean_output_throughput_token_per_s": 1.342050743906829,
    "results_num_completed_requests": 2,
    "results_num_completed_requests_per_min": 40.26152231720487,
    "timestamp": 1744690326
}