{
    "version": "2023-08-31",
    "name": "Qwen-Qwen2-5-7B-Instruct_4000_1_summary",
    "model": "Qwen/Qwen2.5-7B-Instruct",
    "mean_input_tokens": 4000,
    "stddev_input_tokens": 10,
    "mean_output_tokens": 1,
    "stddev_output_tokens": 0,
    "num_concurrent_requests": 1,
    "results_inter_token_latency_s_quantiles_p25": 0.11779578914865851,
    "results_inter_token_latency_s_quantiles_p50": 0.1178070018067956,
    "results_inter_token_latency_s_quantiles_p75": 0.11781821446493268,
    "results_inter_token_latency_s_quantiles_p90": 0.11782494205981493,
    "results_inter_token_latency_s_quantiles_p95": 0.11782718459144234,
    "results_inter_token_latency_s_quantiles_p99": 0.11782897861674428,
    "results_inter_token_latency_s_mean": 0.1178070018067956,
    "results_inter_token_latency_s_min": 0.11778457649052143,
    "results_inter_token_latency_s_max": 0.11782942712306976,
    "results_inter_token_latency_s_stddev": 3.171418641543179e-05,
    "results_ttft_s_quantiles_p25": 0.23559157829731703,
    "results_ttft_s_quantiles_p50": 0.2356140036135912,
    "results_ttft_s_quantiles_p75": 0.23563642892986536,
    "results_ttft_s_quantiles_p90": 0.23564988411962987,
    "results_ttft_s_quantiles_p95": 0.23565436918288468,
    "results_ttft_s_quantiles_p99": 0.23565795723348856,
    "results_ttft_s_mean": 0.2356140036135912,
    "results_ttft_s_min": 0.23556915298104286,
    "results_ttft_s_max": 0.23565885424613953,
    "results_ttft_s_stddev": 6.342837283086358e-05,
    "results_end_to_end_latency_s_quantiles_p25": 0.2358087794855237,
    "results_end_to_end_latency_s_quantiles_p50": 0.23583969473838806,
    "results_end_to_end_latency_s_quantiles_p75": 0.23587060999125242,
    "results_end_to_end_latency_s_quantiles_p90": 0.23588915914297104,
    "results_end_to_end_latency_s_quantiles_p95": 0.2358953421935439,
    "results_end_to_end_latency_s_quantiles_p99": 0.2359002886340022,
    "results_end_to_end_latency_s_mean": 0.23583969473838806,
    "results_end_to_end_latency_s_min": 0.23577786423265934,
    "results_end_to_end_latency_s_max": 0.23590152524411678,
    "results_end_to_end_latency_s_stddev": 8.744153976994546e-05,
    "results_request_output_throughput_token_per_s_quantiles_p25": 8.479225551564989,
    "results_request_output_throughput_token_per_s_quantiles_p50": 8.48033720399198,
    "results_request_output_throughput_token_per_s_quantiles_p75": 8.481448856418968,
    "results_request_output_throughput_token_per_s_quantiles_p90": 8.482115847875162,
    "results_request_output_throughput_token_per_s_quantiles_p95": 8.48233817836056,
    "results_request_output_throughput_token_per_s_quantiles_p99": 8.482516042748879,
    "results_request_output_throughput_token_per_s_mean": 8.48033720399198,
    "results_request_output_throughput_token_per_s_min": 8.478113899137998,
    "results_request_output_throughput_token_per_s_max": 8.482560508845959,
    "results_request_output_throughput_token_per_s_stddev": 0.0031442278777886563,
    "results_number_input_tokens_quantiles_p25": 3999.75,
    "results_number_input_tokens_quantiles_p50": 4000.5,
    "results_number_input_tokens_quantiles_p75": 4001.25,
    "results_number_input_tokens_quantiles_p90": 4001.7,
    "results_number_input_tokens_quantiles_p95": 4001.85,
    "results_number_input_tokens_quantiles_p99": 4001.97,
    "results_number_input_tokens_mean": 4000.5,
    "results_number_input_tokens_min": "3999",
    "results_number_input_tokens_max": "4002",
    "results_number_input_tokens_stddev": 2.1213203435596424,
    "results_number_output_tokens_quantiles_p25": 2.0,
    "results_number_output_tokens_quantiles_p50": 2.0,
    "results_number_output_tokens_quantiles_p75": 2.0,
    "results_number_output_tokens_quantiles_p90": 2.0,
    "results_number_output_tokens_quantiles_p95": 2.0,
    "results_number_output_tokens_quantiles_p99": 2.0,
    "results_number_output_tokens_mean": 2.0,
    "results_number_output_tokens_min": "2",
    "results_number_output_tokens_max": "2",
    "results_number_output_tokens_stddev": 0.0,
    "results_num_requests_started": 2,
    "results_error_rate": 0.0,
    "results_number_errors": 0,
    "results_error_code_frequency": "{}",
    "results_mean_output_throughput_token_per_s": 2.791068459892657,
    "results_num_completed_requests": 2,
    "results_num_completed_requests_per_min": 83.73205379677971,
    "timestamp": 1744690304
}